date,view
2022-06-22,168
2022-06-23,205
2022-06-24,193
2022-06-25,191
2022-06-26,180
2022-06-27,215
2022-06-28,186
2022-06-29,162
2022-06-30,178
2022-07-01,170
2022-07-02,189
2022-07-03,152
2022-07-04,123
2022-07-05,146
2022-07-06,167
2022-07-07,176
2022-07-08,156
2022-07-09,196
2022-07-10,164
2022-07-11,141
2022-07-12,128
2022-07-13,133
2022-07-14,143
2022-07-15,196
2022-07-16,196
2022-07-17,183
2022-07-18,162
2022-07-19,168
2022-07-20,157
2022-07-21,134
2022-07-22,169
2022-07-23,213
2022-07-24,164
2022-07-25,200
2022-07-26,141
2022-07-27,193
2022-07-28,186
2022-07-29,184
2022-07-30,209
2022-07-31,91
2022-08-01,118
2022-08-02,157
2022-08-03,155
2022-08-04,161
2022-08-05,138
2022-08-06,175
2022-08-07,137
2022-08-08,150
2022-08-09,123
2022-08-10,107
2022-08-11,133
2022-08-12,196
2022-08-13,189
2022-08-14,154
2022-08-15,144
2022-08-16,162
2022-08-17,175
2022-08-18,200
2022-08-19,178
2022-08-20,176
2022-08-21,196
2022-08-22,178
2022-08-23,198
2022-08-24,132
2022-08-25,192
2022-08-26,221
2022-08-27,213
2022-08-28,190
2022-08-29,176
2022-08-30,214
2022-08-31,166
2022-09-01,199
2022-09-02,184
2022-09-03,151
2022-09-04,212
2022-09-05,148
2022-09-06,160
2022-09-07,147
2022-09-08,156
2022-09-09,220
2022-09-10,181
2022-09-11,152
2022-09-12,183
2022-09-13,169
2022-09-14,169
2022-09-15,174
2022-09-16,226
2022-09-17,192
2022-09-18,149
2022-09-19,160
2022-09-20,140
2022-09-21,187
2022-09-22,164
2022-09-23,177
2022-09-24,160
2022-09-25,174
2022-09-26,145
2022-09-27,150
2022-09-28,143
2022-09-29,169
2022-09-30,158
2022-10-01,164
2022-10-02,133
2022-10-03,138
2022-10-04,125
2022-10-05,164
2022-10-06,152
2022-10-07,166
2022-10-08,168
2022-10-09,109
2022-10-10,136
2022-10-11,170
2022-10-12,178
2022-10-13,149
2022-10-14,202
2022-10-15,182
2022-10-16,150
2022-10-17,149
2022-10-18,139
2022-10-19,131
2022-10-20,123
2022-10-21,175
2022-10-22,379
2022-10-23,132
2022-10-24,98
2022-10-25,133
2022-10-26,154
2022-10-27,155
2022-10-28,160
2022-10-29,164
2022-10-30,155
2022-10-31,143
2022-11-01,128
2022-11-02,136
2022-11-03,150
2022-11-04,161
2022-11-05,192
2022-11-06,138
2022-11-07,109
2022-11-08,150
2022-11-09,150
2022-11-10,152
2022-11-11,177
2022-11-12,167
2022-11-13,141
2022-11-14,112
2022-11-15,163
2022-11-16,150
2022-11-17,170
2022-11-18,184
2022-11-19,175
2022-11-20,136
2022-11-21,170
2022-11-22,167
2022-11-23,188
2022-11-24,172
2022-11-25,178
2022-11-26,199
2022-11-27,166
2022-11-28,178
2022-11-29,184
2022-11-30,128
2022-12-01,146
2022-12-02,190
2022-12-03,183
2022-12-04,134
2022-12-05,147
2022-12-06,140
2022-12-07,165
2022-12-08,148
2022-12-09,141
2022-12-10,160
2022-12-11,177
2022-12-12,125
2022-12-13,120
2022-12-14,134
2022-12-15,145
2022-12-16,175
2022-12-17,182
2022-12-18,155
2022-12-19,161
2022-12-20,141
2022-12-21,144
2022-12-22,162
2022-12-23,163
2022-12-24,149
2022-12-25,143
2022-12-26,132
2022-12-27,96
2022-12-28,184
2022-12-29,153
2022-12-30,151
2022-12-31,123
2023-01-01,188
2023-01-02,129
2023-01-03,154
2023-01-04,143
2023-01-05,155
2023-01-06,144
2023-01-07,159
2023-01-08,119
2023-01-09,115
2023-01-10,128
2023-01-11,107
2023-01-12,97
2023-01-13,119
2023-01-14,118
2023-01-15,136
2023-01-16,137
2023-01-17,114
2023-01-18,101
2023-01-19,122
2023-01-20,72
2023-01-21,120
2023-01-22,128
2023-01-23,155
2023-01-24,142
2023-01-25,168
2023-01-26,158
2023-01-27,152
2023-01-28,155
2023-01-29,126
2023-01-30,133
2023-01-31,157
2023-02-01,102
2023-02-02,128
2023-02-03,117
2023-02-04,124
2023-02-05,130
2023-02-06,122
2023-02-07,100
2023-02-08,163
2023-02-09,117
2023-02-10,166
2023-02-11,131
2023-02-12,149
2023-02-13,172
2023-02-14,127
2023-02-15,133
2023-02-16,155
2023-02-17,141
2023-02-18,157
2023-02-19,116
2023-02-20,96
2023-02-21,122
2023-02-22,119
2023-02-23,165
2023-02-24,181
2023-02-25,179
2023-02-26,108
2023-02-27,142
2023-02-28,175
2023-03-01,144
2023-03-02,143
2023-03-03,149
2023-03-04,139
2023-03-05,149
2023-03-06,123
2023-03-07,170
2023-03-08,135
2023-03-09,155
2023-03-10,161
2023-03-11,144
2023-03-12,140
2023-03-13,132
2023-03-14,139
2023-03-15,138
2023-03-16,169
2023-03-17,147
2023-03-18,129
2023-03-19,138
2023-03-20,127
2023-03-21,146
2023-03-22,151
2023-03-23,137
2023-03-24,179
2023-03-25,180
2023-03-26,138
2023-03-27,127
2023-03-28,138
2023-03-29,132
2023-03-30,145
2023-03-31,143
2023-04-01,114
2023-04-02,135
2023-04-03,117
2023-04-04,157
2023-04-05,138
2023-04-06,139
2023-04-07,162
2023-04-08,132
2023-04-09,135
2023-04-10,135
2023-04-11,143
2023-04-12,130
2023-04-13,133
2023-04-14,169
2023-04-15,182
2023-04-16,129
2023-04-17,126
2023-04-18,131
2023-04-19,121
2023-04-20,159
2023-04-21,131
2023-04-22,173
2023-04-23,143
2023-04-24,116
2023-04-25,109
2023-04-26,122
2023-04-27,147
2023-04-28,135
2023-04-29,142
2023-04-30,134
2023-05-01,127
2023-05-02,148
2023-05-03,153
2023-05-04,143
2023-05-05,168
2023-05-06,165
2023-05-07,114
2023-05-08,140
2023-05-09,137
2023-05-10,162
2023-05-11,135
2023-05-12,121
2023-05-13,137
2023-05-14,114
2023-05-15,131
2023-05-16,172
2023-05-17,171
2023-05-18,150
2023-05-19,169
2023-05-20,189
2023-05-21,143
2023-05-22,158
2023-05-23,151
2023-05-24,143
2023-05-25,128
2023-05-26,197
2023-05-27,154
2023-05-28,137
2023-05-29,152
2023-05-30,151
2023-05-31,173
2023-06-01,204
2023-06-02,210
2023-06-03,178
2023-06-04,152
2023-06-05,126
2023-06-06,171
2023-06-07,169
2023-06-08,137
2023-06-09,197
2023-06-10,196
2023-06-11,168
2023-06-12,138
2023-06-13,138
2023-06-14,133
2023-06-15,136
2023-06-16,161
2023-06-17,161
2023-06-18,174
2023-06-19,131
2023-06-20,165
2023-06-21,153
2023-06-22,110
2023-06-23,122
2023-06-24,126
2023-06-25,122
2023-06-26,140
2023-06-27,146
2023-06-28,242
2023-06-29,202
2023-06-30,200
2023-07-01,213
2023-07-02,167
2023-07-03,156
2023-07-04,134
2023-07-05,159
2023-07-06,147
2023-07-07,195
2023-07-08,170
2023-07-09,151
2023-07-10,143
2023-07-11,140
2023-07-12,170
2023-07-13,149
2023-07-14,188
2023-07-15,167
2023-07-16,160
2023-07-17,90
2023-07-18,111
2023-07-19,138
2023-07-20,229
2023-07-21,184
2023-07-22,226
2023-07-23,148
2023-07-24,162
2023-07-25,126
2023-07-26,166
2023-07-27,158
2023-07-28,188
2023-07-29,169
2023-07-30,135
2023-07-31,102
2023-08-01,116
2023-08-02,201
2023-08-03,99
2023-08-04,111
2023-08-05,154
2023-08-06,106
2023-08-07,130
2023-08-08,153
2023-08-09,166
2023-08-10,134
2023-08-11,171
2023-08-12,186
2023-08-13,144
2023-08-14,146
2023-08-15,120
2023-08-16,169
2023-08-17,190
2023-08-18,171
2023-08-19,164
2023-08-20,161
2023-08-21,174
2023-08-22,211
2023-08-23,159
2023-08-24,150
2023-08-25,177
2023-08-26,186
2023-08-27,120
2023-08-28,127
2023-08-29,136
2023-08-30,140
2023-08-31,167
2023-09-01,216
2023-09-02,154
2023-09-03,171
2023-09-04,140
2023-09-05,137
2023-09-06,157
2023-09-07,155
2023-09-08,188
2023-09-09,190
2023-09-10,143
2023-09-11,124
2023-09-12,127
2023-09-13,75
2023-09-14,131
2023-09-15,158
2023-09-16,151
2023-09-17,134
2023-09-18,118
2023-09-19,147
2023-09-20,166
2023-09-21,171
2023-09-22,167
2023-09-23,205
2023-09-24,139
2023-09-25,121
2023-09-26,123
2023-09-27,101
2023-09-28,174
2023-09-29,210
2023-09-30,178
2023-10-01,135
2023-10-02,143
2023-10-03,150
2023-10-04,155
2023-10-05,143
2023-10-06,180
